recipe_type,recipe_name,servings,calories,description,ingredients,recipe_method,picture_url
breakfast,Breakfast Stuffed Peppers,4,422,"Kick-start your weekend with these breakfast stuffed peppers filled with eggs, hearty beans, kale and taco seasoning. If the pepper isn’t laying flat when you are about to fill it, shave off a small piece from the back side (but not all the way through) to help the filling stay in place.","[""4 large red bell peppers"", ""Cooking spray"", ""3/4 teaspoon salt"", ""2 teaspoons extra-virgin olive oil"", ""1 yellow onion, finely chopped"", ""1 plum tomato, chopped"", ""3 cups stemmed and chopped kale"", ""1 (15-ounce) can no-salt-added black beans, rinsed"", ""1 tablespoon salt-free taco seasoning mix (such as Mrs. Dash)"", ""6 large eggs, beaten"", ""1 cup shredded Mexican cheese blend"", ""Crushed red pepper for garnish (optional)""]","[""Preheat oven to 425°F. Cut bell peppers in half lengthwise, keeping stems intact. Remove and discard ribs and seeds,. Lightly coat a 13-by-9-inch baking dish with cooking spray. Arrange the pepper halves cut-side up in the dish; sprinkle with 1/4 teaspoon salt. Lightly coat the peppers with cooking spray. Bake until tender-crisp, about 15 minutes. Remove from oven; reduce oven temperature to 400°F."",""Meanwhile, heat oil in a large skillet over medium-high heat until shimmering. Add onion; cook, stirring often, until translucent, 4 to 5 minutes. Stir in tomato; cook, stirring occasionally, until the tomato turns soft and jammy, 3 to 4 minutes. Stir in kale; cook, stirring occasionally, until wilted, about 2 minutes. Stir in beans, taco seasoning and the remaining 1/2 teaspoon salt; gently stir to combine. Remove from heat."",""Divide beaten eggs among the pepper halves. Spoon about 1/2 cup bean mixture into each pepper half; top with cheese. Bake until the peppers are tender, the eggs are set and the cheese is melted, 20 to 25 minutes. Sprinkle with crushed red pepper, if desired.""]",b1
breakfast,Cauliflower Steaks with Poached Eggs & Pesto Hollandaise,4,431,"This weekend-worthy dish features cauliflower “steaks” flavored with Italian seasoning and topped with sautéed kale, a poached egg and pesto-flavored hollandaise.","[""Cooking spray"", ""2 medium heads cauliflower (about 2 lbs. each), leaves removed and stems trimmed"", ""1 teaspoon Italian seasoning"", ""1/4 teaspoon salt"", ""3 large egg yolks"", ""1 tablespoon white-wine vinegar"", ""3 tablespoons refrigerated basil pesto"", ""1/4 cup unsalted butter, cubed"", ""2 tablespoons white-wine vinegar"", ""4 large eggs"", ""2 tablespoons unsalted butter"", ""2 medium cloves garlic, chopped"", ""1 (8-ounce) bunch curly kale, stemmed and chopped (5 packed cups)"", ""1/4 teaspoon crushed red pepper"", ""1/4 teaspoon salt""]","[""Position oven rack in upper third; preheat to 425°F. Line a large rimmed baking sheet with foil; coat with cooking spray."", ""Cut cauliflower heads in half lengthwise; trim the sides to create 2 (1-inch-thick) 'steaks' from each head. Arrange the cauliflower steaks on the prepared baking sheet; reserve trimmed florets for another use."", ""Coat the cauliflower with cooking spray. Sprinkle both sides with Italian seasoning and salt. Roast, flipping once, until browned and tender, 30 to 35 minutes."", ""Place egg yolks in a blender. Secure the lid on the blender and remove the center piece; place a clean towel over the opening. Process until light in color, about 30 seconds."", ""With the blender running on low speed, slowly pour 1 tablespoon vinegar through the opening; process until blended, 10 to 15 seconds. Add pesto; process until completely blended, about 30 seconds."", ""Place cubed butter in a glass measuring cup; microwave on High in 20-second intervals until melted, about 2 (20-second) intervals."", ""With the blender running on low speed, slowly pour the melted butter through the lid opening; process until the butter is incorporated and the mixture looks thick, 45 seconds to 1 minute. Transfer to a microwaveable bowl."", ""Pour water into a deep medium skillet to a depth of 2 inches; bring to a simmer over medium-high heat. Stir in vinegar."", ""Reduce heat to medium-low and create a whirlpool using a spoon; crack eggs, 1 at a time, into the center of the whirlpool. Simmer until the whites are set and the yolks are runny, about 4 minutes."", ""With a slotted spoon, transfer the poached eggs to a paper-towel-lined plate to drain. Carefully drain the pan and wipe it clean."", ""In the dry skillet, melt butter over medium-high heat. Add garlic; cook, stirring constantly, until fragrant, about 1 minute."", ""Add kale; cook, stirring constantly, until tender-crisp and wilted, about 3 minutes. Remove from heat."", ""Divide the kale among 4 plates; top each with 1 cauliflower steak, 1 poached egg and about 2 tablespoons hollandaise. Sprinkle with crushed red pepper and salt.""]",b2
breakfast,Huevos Divorciados (Divorced Eggs),1,520,"For those mornings when choosing between red or green salsa feels impossible, enter huevos divorciados, the ultimate solution. This dish, from our Senior Nutrition & News Editor at EatingWell, hails from Mexico and boasts a unique twist. It features two sunny-side-up eggs nestled on tortillas, each yolk surrounded by its own salsa. Typically served with a side of beans, it’s a delicious breakfast that celebrates the best of both worlds.","[""1/2 cup no-salt-added canned black beans, rinsed"", ""2 tablespoons water"", ""1/2 teaspoon garlic powder"", ""1/4 teaspoon onion powder"", ""1 teaspoon extra-virgin olive oil"", ""2 large eggs"", ""1/8 teaspoon ground pepper"", ""2 corn tortillas, warmed"", ""2 tablespoons mild salsa verde, warmed"", ""2 tablespoons mild salsa roja, warmed"", ""2 tablespoons sliced red onion"", ""1/4 avocado, sliced"", ""1 tablespoon crumbled cotija or queso fresco"", ""1 1/2 teaspoons chopped fresh cilantro""]","[""Combine beans, water, garlic powder, and onion powder in a small bowl. Microwave on High until warmed, about 30 seconds."", ""Heat oil in a small nonstick skillet over medium heat. Break eggs, one at a time, into the pan; season with pepper. Cover and cook until the eggs are done to your liking, 2 to 3 minutes for over easy."", ""Place warmed tortillas on a plate. Transfer the eggs to the tortillas. Spoon salsa verde around the yolk of 1 egg; repeat with salsa roja and the remaining egg."", ""Top with onion, avocado, cotija (or queso fresco), and cilantro."", ""Serve with the black beans on the side.""]",b3
breakfast,Blistered Cherry Tomato & Fried Egg Toast,2,338,"This recipe is one that our recipe developers turn to quite often. Cherry tomatoes are reliably sweet and readily available year-round. If you don’t have ricotta cheese, you can swap in cottage cheese, Greek yogurt or mascarpone. While we favor runny yolks and like how they coat the toast and tomatoes, hard yolks are just fine too. Simply cook the eggs a minute or two longer.","[""1/2 cup whole-milk ricotta cheese"", ""2 tablespoons chopped fresh basil, plus leaves for garnish"", ""1 teaspoon grated lemon zest"", ""3/8 teaspoon salt, divided"", ""1 tablespoon extra-virgin olive oil, divided"", ""2 cups cherry tomatoes"", ""2 large eggs"", ""2 slices crusty whole-wheat bread (1/2-inch-thick), toasted"", ""Crushed red pepper for garnish (optional)""]","[""Combine ricotta, basil, lemon zest, and 1/8 teaspoon salt in a medium bowl."", ""Heat 1 1/2 teaspoons oil in a medium nonstick skillet over medium-high heat. Add tomatoes in a single layer; cook, stirring occasionally, until starting to blister, about 5 minutes. Transfer to a medium bowl."", ""Wipe the skillet clean. Heat the remaining 1 1/2 teaspoons oil over medium-low heat. Carefully crack eggs into the pan, leaving space between them. Sprinkle the eggs with 1/8 teaspoon salt. Cover and cook until the whites are just set, about 1 minute, 30 seconds. Uncover and cook until the whites are completely set and the yolks are still runny, about 1 minute, 30 seconds."", ""Spread the reserved ricotta mixture evenly over 1 side of each toast slice (1/4 cup each); spoon the tomatoes over the ricotta mixture (scant 3/4 cup each)."", ""Sprinkle with the remaining 1/8 teaspoon salt. Top each toast with 1 fried egg."", ""Garnish with basil leaves and/or sprinkle with crushed red pepper, if desired.""]",b4
breakfast,Spinach & Feta Mug Scrambled Eggs,4,195,"Whip up eggs with a few simple ingredients in a microwave-safe mug, and you have the makings of a breakfast that’s prepped, seasoned and will be ready to eat in a little more than a minute before running out the door. If you don’t want to store the mixture in individual mugs, you can store it in an airtight container then transfer to a mug when you’re ready to cook it.","[""8 large eggs"", ""1/4 cup half-and-half"", ""1/2 cup chopped baby spinach"", ""1/4 cup crumbled feta cheese"", ""2 tablespoons chopped fresh dill, plus more for garnish"", ""1/4 teaspoon salt""]","[""Coat 4 (12-ounce) microwave-safe mugs with cooking spray."", ""Crack 2 eggs into each prepared mug. Add 1 tablespoon half-and-half to each; whisk with a fork until completely blended."", ""Add 2 tablespoons spinach, 1 tablespoon feta and 1 1/2 teaspoons dill to each mug, stirring until combined."", ""Sprinkle with salt. Cover and refrigerate for up to 4 days."", ""When ready to eat, uncover a mug and microwave on High, stirring every 15 to 20 seconds, until set, 1 minute and 15 seconds to 1 minute and 25 seconds for large curds (about 1 minute for soft-scramble)."", ""Stir with a fork to create fluffy curds. Sprinkle with additional dill, if desired.""]",b5
breakfast,Pesto Breakfast Sandwich,1,585,"This vibrant green veggie pesto sandwich is the perfect way to get your day started. This 10-minute breakfast features microgreens, which are young vegetable sprouts harvested just after the first true leaves develop. If you can’t find microgreens, alfalfa sprouts or chopped baby lettuce can be used in their place.","[""1 tablespoon extra-virgin olive oil"", ""1 large egg"", ""2 tablespoons refrigerated basil pesto"", ""1 whole-wheat English muffin, split and toasted"", ""2 ounces sliced avocado (about 6 slices)"", ""3/4 cup microgreens"", ""1/4 teaspoon grated lemon zest"", ""1 teaspoon lemon juice"", ""1/8 teaspoon salt"", ""1/8 teaspoon crushed red pepper""]","[""Heat oil in a small nonstick skillet over medium heat until shimmering, about 1 minute. Carefully crack egg into the pan; cook, undisturbed, until the white is fully set and crispy edges form, 3 to 5 minutes."", ""Meanwhile, spread 1 tablespoon pesto onto each muffin half. Shingle avocado slices on top of 1 muffin half."", ""Toss microgreens, lemon zest, lemon juice, salt, and crushed red pepper together in a small bowl."", ""Place the egg on top of the avocado; top with the microgreen mixture."", ""Top with the remaining muffin half, pesto-side down.""]",b6
breakfast,"Sausage, Spinach & Mushroom Egg Bites",6,232,"These protein-packed sausage, spinach and mushroom egg bites are the perfect little breakfast snack to tide you over until your next meal. Keep half the batch in the fridge for the immediate days ahead, and freeze the other half for later in the month when you don’t have time to cook but want a healthy bite to eat.","[""1 tablespoon canola oil"", ""6 ounces pork breakfast sausage"", ""4 ounces cremini mushrooms, thinly sliced (about 2 cups)"", ""2 cups coarsely chopped baby spinach"", ""8 large eggs"", ""2/3 cup whole milk"", ""1/2 teaspoon ground pepper"", ""1/4 teaspoon garlic powder"", ""1/4 teaspoon onion powder"", ""1/4 teaspoon salt""]","[""Preheat oven to 375°F. Coat a 12-cup muffin tin with cooking spray."", ""Heat oil in a large nonstick skillet over medium-high heat. Add sausage; cook, stirring often and breaking into crumbles, until browned and cooked through, about 4 minutes. Using a slotted spoon, transfer the sausage to a paper-towel-lined plate, leaving the drippings in the pan."", ""Reduce heat to medium; add mushrooms and cook, stirring occasionally, until softened and browned in most spots, 6 to 8 minutes. Add spinach; cook, stirring constantly, until wilted, about 30 seconds. Transfer the vegetable mixture to the plate with the sausage. Let cool for 5 minutes."", ""Meanwhile, whisk eggs, milk, pepper, garlic powder, onion powder, and salt in a large bowl until thoroughly blended. Stir in the cooled sausage and mushroom mixture."", ""Divide the mixture among the prepared muffin cups, about 1/4 cup each."", ""Bake, rotating the pan front to back once, until puffed and set, 14 to 16 minutes. Let stand for 5 minutes before removing the egg bites from the pan.""]",b7
breakfast,Avocado Toast with Jammy Eggs,2,409,"On those days when you truly cannot be bothered to cook or are short on time, here’s avocado toast with jammy eggs to the rescue. This quick, filling dish can easily slide into breakfast, lunch or even dinner, paired with a side of dressed greens. The “jammy” in jammy eggs refers to yolks that are not runny, but still opaque in the center, yielding a creamy, spreadable texture. If you prefer your yolks fully cooked, simply cook the eggs longer, about 10 minutes total.","[""2 large eggs"", ""1 medium avocado, halved, peeled, and pitted"", ""2 slices whole-grain bread, toasted"", ""1/4 teaspoon salt, divided"", ""1/4 teaspoon ground pepper, divided"", ""1 tablespoon extra-virgin olive oil"", ""1/4 teaspoon crushed red pepper""]","[""Bring a small saucepan of water to a boil over high heat and set a medium bowl of ice water next to the stove. Gently lower eggs into the boiling water with a spoon; reduce heat as needed to maintain a steady simmer. Simmer, gently stirring occasionally, for 7 minutes. Transfer the eggs to the ice bath; let stand for 2 minutes. Drain the eggs and set aside."", ""Place avocado halves, cut-sides down, on a cutting board. Slice each half lengthwise into about 1/4-inch-thick slices. Use your palm to gently press each half down and to the side to flatten and fan out the slices. Carefully transfer the shingled avocado slices onto toast, placing 1 avocado half onto each slice of toast. Sprinkle with 1/8 teaspoon each salt and pepper."", ""Carefully tap and roll the eggs on a cutting board, pressing down gently to crack the shells. Peel the eggs, discarding the shells; cut each egg lengthwise into quarters. Place 1 quartered egg on top of each piece of avocado toast. Sprinkle with remaining 1/8 teaspoon each salt and pepper. Drizzle with oil and sprinkle with crushed red pepper.""]",b8
breakfast,"Feta, Egg & Spinach Breakfast Taco",1,225,"It doesn’t get easier than this healthy breakfast taco that’s ready in just five minutes. Kale or arugula will work just as well if you don’t have spinach on hand. If you want an over-hard egg instead, and notice the egg is browning too quickly, add a tablespoon or two of water to the pan to help steam the egg and set the yolk faster.","[""1 teaspoon avocado oil or canola oil"", ""1 corn tortilla"", ""1 cup lightly packed baby spinach"", ""1 large egg"", ""2 tablespoons crumbled feta cheese"", ""Hot sauce for garnish (optional)""]","[""Heat oil in a small nonstick skillet over medium heat. Cook tortilla, flipping once, until softened, about 1 minute total; transfer to a plate."", ""Add spinach to the pan; cook, stirring, until just barely wilted, about 1 minute. Transfer to the tortilla."", ""Sprinkle feta in an egg-sized circle in the pan, leaving an open spot in the center. Break egg into the feta. Cover and cook until the egg is done to your liking, about 2 minutes for over easy."", ""Transfer to the spinach and drizzle with hot sauce, if desired.""]",b9
breakfast,Ham & Spinach Quiche,6,197,"This ham and spinach quiche is ideal for any meal, from brunch to dinner and all the moments in between. This quiche skips the crust, making it incredibly easy to pull together even on short notice. Swap out the Cheddar cheese for Gruyère or use Swiss chard in place of the spinach for a slightly different spin.","[""1 teaspoon extra-virgin olive oil"", ""1 cup chopped sweet onion"", ""1 tablespoon thinly sliced garlic"", ""6 cups baby spinach"", ""6 large eggs"", ""1/2 cup half-and-half"", ""1/8 teaspoon ground nutmeg"", ""4 ounces ham steak, cut into 1/4-inch cubes (about 1 cup)"", ""1 cup shredded sharp Cheddar cheese""]","[""Preheat oven to 375°F. Lightly coat a 9-inch deep-dish pie pan with cooking spray."", ""Heat oil in a large nonstick skillet over medium heat, swirling to coat. Add onion; cook, stirring often, until translucent, 5 to 6 minutes."", ""Stir in garlic; cook, stirring often, until fragrant, about 1 minute."", ""Stir in spinach; cook, stirring often, until wilted, 1 to 2 minutes. Remove from heat; let cool until warm to the touch, about 8 minutes."", ""Whisk eggs, half-and-half and nutmeg in a medium bowl until thoroughly blended. Fold in ham, Cheddar and the cooled spinach mixture."", ""Transfer the mixture to the prepared pie pan."", ""Bake until set and golden brown, about 30 minutes. Let stand for 10 minutes. Slice into 6 portions and serve.""]",b10
lunch,Spinach & Strawberry Meal-Prep Salad,4,374,"This is a simple yet totally satisfying meal-prep spinach salad bowls. They require minimal prep and can be customized to your taste. Swap in roasted salmon for the chicken thighs, and almonds or pecans for the walnuts, and use any fresh berry that looks good at your market.","[""1 pound boneless, skinless chicken thighs"", ""1/2 teaspoon kosher salt"", ""1/2 teaspoon dried thyme"", ""1/2 teaspoon ground pepper"", ""8 cups baby spinach"", ""2 cups sliced strawberries"", ""1/4 cup feta cheese (Optional)"", ""1/4 cup chopped toasted walnuts"", ""6 tablespoons Balsamic Vinaigrette""]","[""Preheat oven to 400 degrees F. Line a baking sheet with parchment or foil."", ""Place chicken on the prepared baking sheet. Sprinkle all over with salt, thyme, and pepper. Roast, flipping once, until the chicken is cooked through and reaches an internal temperature of 165°F, 15 to 17 minutes. Set aside to cool, then slice into bite-size pieces."", ""Divide spinach among 4 single-serving lidded containers (2 cups each). Top each with one-fourth of the sliced chicken, 1/2 cup sliced strawberries, 1 tablespoon feta (if using), and 1 tablespoon walnuts."", ""Seal the salad containers and refrigerate for up to 4 days."", ""Transfer 1 1/2 tablespoons vinaigrette into each of 4 small lidded containers and refrigerate for up to 5 days."", ""Dress the salads with the vinaigrette just before serving.""]",l1
lunch,Chopped Salad with Chicken & Creamy Chipotle Dressing,6,424,This chopped salad with chicken is smoky and zesty thanks to the creamy chipotle dressing. Cilantro adds a pop of freshness to each bite.,"[""2 canned chipotle chiles in adobo sauce"", ""1/3 cup mayonnaise"", ""1/4 cup whole-milk plain strained yogurt, such as Greek or skyr"", ""1/4 cup lime juice"", ""1 clove garlic, chopped"", ""1/2 teaspoon ground pepper"", ""1/2 teaspoon ground cumin"", ""1/4 teaspoon salt"", ""1 (15 ounce) can no-salt-added black beans, rinsed"", ""10 cups chopped romaine lettuce"", ""1 medium red bell pepper, chopped"", ""2 small ears corn, husked, kernels cut from cobs"", ""1/2 cup chopped red onion"", ""1/2 cup chopped fresh cilantro"", ""3 cups shredded cooked chicken"", ""2 medium avocados, chopped""]","[""Combine chipotles, mayonnaise, yogurt, lime juice, garlic, pepper, cumin, and salt in a blender; process until smooth, about 30 seconds."", ""Place black beans, lettuce, bell pepper, corn kernels, onion, and cilantro in a large bowl; drizzle with the dressing and toss to coat."", ""Divide among 6 bowls and top evenly with chicken and avocado.""]",l2
lunch,Chickpea & Quinoa Bowl with Roasted Red Pepper Sauce,4,479,"Quinoa and chickpeas pack this vegetarian grain bowl with plenty of plant-based protein. Whip up a batch of these flavorful grain bowls and store them in lidded containers to stash in the fridge for easy, healthy grab-and-go lunches all week long.","[""1 (7 ounce) jar roasted red peppers, rinsed"", ""1/4 cup slivered almonds"", ""4 tablespoons extra-virgin olive oil, divided"", ""1 small clove garlic, minced"", ""1 teaspoon paprika"", ""1/2 teaspoon ground cumin"", ""1/4 teaspoon crushed red pepper (optional)"", ""2 cups cooked quinoa"", ""1/4 cup Kalamata olives, chopped"", ""1/4 cup finely chopped red onion"", ""1 (15 ounce) can chickpeas, rinsed"", ""1 cup diced cucumber"", ""1/4 cup crumbled feta cheese"", ""2 tablespoons finely chopped fresh parsley""]","[""Place peppers, almonds, 2 tablespoons oil, garlic, paprika, cumin, and crushed red pepper (if using) in a mini food processor. Puree until fairly smooth."", ""Combine quinoa, olives, red onion, and the remaining 2 tablespoons oil in a medium bowl."", ""To serve, divide the quinoa mixture among 4 bowls and top with equal amounts of the chickpeas, cucumber, and the red pepper sauce."", ""Sprinkle with feta and parsley.""]",l3
lunch,Veggie & Hummus Sandwich,1,325,"This mile-high vegetable and hummus sandwich makes the perfect heart-healthy vegetarian lunch to go. Mix it up with different flavors of hummus and different types of vegetables, depending on your mood.","[""2 slices whole-grain bread"", ""3 tablespoons hummus"", ""1/4 avocado, mashed"", ""1/2 cup mixed salad greens"", ""1/4 medium red bell pepper, sliced"", ""1/4 cup sliced cucumber"", ""1/4 cup shredded carrot""]","[""Spread 1 slice of bread with hummus and the other with avocado."", ""Fill the sandwich with greens, bell pepper, cucumber, and carrot."", ""Slice in half and serve.""]",l4
lunch,Green Goddess Salad with Chickpeas,2,304,"In this cucumber, tomato, Swiss cheese and chickpea salad recipe, a healthy green goddess dressing is made from avocado, buttermilk and herbs. The extra dressing is delicious served with grilled vegetables."," ""1 avocado, peeled and pitted"", ""1 1/2 cups buttermilk"", ""1/4 cup chopped fresh herbs, such as tarragon, sorrel, mint, parsley and/or cilantro"", ""2 tablespoons rice vinegar"", ""1/2 teaspoon salt"", ""3 cups chopped romaine lettuce"", ""1 cup sliced cucumber"", ""1 (15 ounce) can chickpeas, rinsed"", ""1/4 cup diced low-fat Swiss cheese"", ""6 cherry tomatoes, halved if desired""","[""To prepare dressing: Place avocado, buttermilk, herbs, vinegar, and salt in a blender. Puree until smooth."", ""To prepare salad: Toss lettuce and cucumber in a bowl with 1/4 cup of the dressing. Top with chickpeas, cheese, and tomatoes. (Refrigerate the extra dressing for up to 3 days.)""]",l5
lunch,"Salmon & Quinoa Bowls with Green Beans, Olives & Feta",4,484,"This flavorful and easy salmon quinoa bowl is a meal that keeps on giving. Pack up any leftovers for a next-day lunch, or make the entire recipe ahead and pack it into individual serving containers for ready-to-go meals.","[""1 pound salmon fillet"", ""1/2 teaspoon salt, divided"", ""1/4 teaspoon ground pepper"", ""8 ounces string beans (green, yellow, or a mix), trimmed and cut into 1-inch pieces"", ""1 3/4 cups water"", ""3/4 cup quinoa (red, white, or tricolored), rinsed"", ""3 tablespoons lemon juice"", ""2 tablespoons olive oil"", ""1 clove garlic, minced"", ""2 teaspoons chopped fresh oregano, plus more for garnish, or 1/2 tsp. dried"", ""1 medium tomato, seeded and chopped"", ""1/4 cup crumbled feta cheese"", ""1/4 cup pitted Kalamata olives, halved or sliced""]","[""Preheat oven to 400 degrees F. Line a large baking sheet with foil. Place salmon fillet on the prepared baking sheet and sprinkle with 1/8 tsp. salt and pepper. Bake until the salmon is no longer opaque in the center and flakes easily with a fork, 20 to 25 minutes. Let rest for 5 minutes, then flake the salmon into bite-size pieces (discard the skin)."", ""Meanwhile, bring 1 inch of water to a boil in a medium saucepan fitted with a steamer basket. Add beans; cover and cook until tender-crisp, about 5 minutes. Rinse the beans under cold water, drain well, and set aside."", ""Combine 1 3/4 cups water, quinoa, and 1/8 tsp. salt in the saucepan; bring to a boil. Reduce heat to low, cover, and simmer until the quinoa is tender and most of the liquid has been absorbed, 15 to 20 minutes. Fluff with a fork."", ""Whisk lemon juice, olive oil, minced garlic, chopped oregano, and the remaining 1/4 tsp. salt in a small bowl."", ""To serve, divide the quinoa among 4 dinner bowls. Arrange the salmon, beans, tomato, feta, and olives over the quinoa. Drizzle with the dressing and garnish with more fresh oregano, if desired.""]",l6
lunch,Chopped Salad with Sriracha Tofu & Peanut Dressing,4,332,"Prep four days' worth of high-protein vegan lunches using just four easy ingredients from your local specialty grocery store, including a veggie-heavy salad mix as a base. Because this salad mix is hearty, you can dress these bowls up to 24 hours before serving to allow the flavors in this healthy chopped salad to marry. If you can't find a hearty mix, go with broccoli slaw or shredded Brussels sprouts.","[""1 (10 ounce) package kale, Brussels sprout, broccoli and cabbage salad mix"", ""1 (12 ounce) package frozen shelled edamame, thawed"", ""2 (7 ounce) packages Sriracha-flavored baked tofu, cubed"", ""1/2 cup spicy peanut vinaigrette""]","[""Divide salad mix among 4 single-serving containers with lids. Top each with 1/2 cup edamame and one-fourth of the tofu."", ""Transfer 2 tablespoons vinaigrette into each of 4 small lidded containers and refrigerate for up to 4 days."", ""Seal the salad containers and refrigerate for up to 4 days. Dress with vinaigrette up to 1 day before serving.""]",l7
lunch,Chipotle-Lime Cauliflower Taco Bowls,4,345,"A bold, smoky marinade elevates roasted cauliflower in this meal-prep version of our popular Chipotle-Lime Cauliflower Tacos by Carolyn Malcoun. To cut down on prep time for these healthy taco bowls, look for precut cauliflower in the produce department. You can also save time by using microwaveable quinoa pouches (you'll need one 8-ounce pouch for this recipe) instead of cooking quinoa.","[""1/4 cup lime juice (from about 2 limes)"", ""1-2 tablespoons chopped chipotles in adobo sauce"", ""1 tablespoon honey"", ""2 cloves garlic"", ""1/2 teaspoon salt"", ""1 small head cauliflower, cut into bite-size pieces"", ""1 small red onion, halved and thinly sliced"", ""2 cups cooked quinoa, cooled"", ""1 cup no-salt-added canned black beans, rinsed"", ""1/2 cup crumbled queso fresco"", ""1 cup shredded red cabbage"", ""1 medium avocado"", ""1 lime, cut into 4 wedges (Optional)""]","[""Preheat oven to 450°F. Line a large rimmed baking sheet with foil."", ""Combine lime juice, chipotles to taste, honey, garlic, and salt in a blender. Process until mostly smooth."", ""Place cauliflower in a large bowl; add the sauce and stir to coat. Transfer to the prepared baking sheet. Sprinkle onion over the cauliflower."", ""Roast, stirring once, until the cauliflower is tender and browned in spots, 18 to 20 minutes; set aside to cool."", ""Divide quinoa among 4 single-serving lidded containers (1/2 cup each). Top each with one-fourth of the cauliflower mixture, 1/4 cup black beans, and 2 tablespoons cheese."", ""Seal the containers and refrigerate for up to 4 days."", ""To reheat 1 container, vent the lid and microwave on High until steaming, 2 1/2 to 3 minutes. Top with 1/4 cup cabbage and 1/4 avocado (sliced)."", ""Serve with a lime wedge, if desired.""]",l8
lunch,Curried Chickpea Stew,8,249,"Who says a meatless meal isn't filling? Packed with fiber-rich vegetables and chickpeas, this fragrant stew satisfies.","[""1 (10 ounce) bag prewashed spinach or other sturdy greens"", ""1 1/2 tablespoons canola oil"", ""1 large onion, chopped"", ""1 (2 inch) piece fresh ginger, peeled and minced"", ""1/2-1 small jalapeño pepper, seeded and finely chopped"", ""3 cloves garlic, minced"", ""1 tablespoon curry powder"", ""3 medium carrots, peeled and thinly sliced"", ""1/2 medium head cauliflower, broken into bite-size florets (3 cups)"", ""2 (15 ounce) cans low-sodium chickpeas, rinsed"", ""2 (14 ounce) cans no-salt-added diced tomatoes, drained"", ""1/2 cup fat-free half-and-half"", ""1/3 cup 'lite' coconut milk""]","[""Place spinach (or other greens) in a microwave-safe dish; add 1 tablespoon water and cover. Microwave on High, stirring occasionally, until just wilted, 1 to 2 minutes. Transfer to a colander to drain. When cool enough to handle, squeeze out any excess water. Coarsely chop and set aside."", ""Heat oil in a large nonstick skillet with high sides or a Dutch oven. Add onion and cook, stirring, until translucent, about 8 minutes. Add ginger, jalapeño, garlic, and curry powder; cook, stirring, for 30 seconds."", ""Add carrots and 2 tablespoons water; cover and cook, stirring occasionally, until the carrots have softened, about 10 minutes (add more water if the mixture becomes dry). Add cauliflower; cover and cook, stirring occasionally, until barely tender-crisp, 5 to 10 minutes more."", ""Stir in chickpeas, tomatoes, half-and-half, and coconut milk. Bring to just below boiling. Reduce heat to low and simmer uncovered, stirring occasionally, for 15 minutes. Stir in the reserved spinach (or greens) and heat through."", ""Transfer half of the mixture (about 5 cups) to a 1 1/2-quart freezer container; label and freeze for up to 1 month. Serve the remaining half at once, or refrigerate for up to 3 days.""]",l9
lunch,Zucchini Noodles with Quick Turkey Bolognese,4,365,"Forgo regular pasta (and most of the carbs) for spiralized zucchini ""noodles"" in these make-ahead meals. The zoodles quickly turn tender-crisp as the veggie-packed Bolognese warms in the microwave.","[""3 cups Quick Turkey Meat Sauce"", ""8 cups zucchini noodles (from 3 medium zucchini)"", ""1/2 cup grated Parmesan cheese""]","[""Prepare Quick Turkey Meat Sauce as directed."", ""As the sauce cooks, divide zucchini noodles among 4 single-serving containers with lids (about 2 cups per container)."", ""Add 3/4 cup of the sauce and 2 tablespoons Parmesan to each container. Seal and refrigerate for up to 4 days."", ""To reheat, vent the lid and microwave on High until the sauce is steaming and the noodles are tender, 2 1/2 to 3 minutes.""]",l10
dinner,"Spaghetti Squash Nests with Feta, Tomatoes & Balsamic Drizzle",4,306,"Nests of tender spaghetti squash with notes of garlic and herbs are filled with perfectly roasted tomatoes and golden-browned feta. Balsamic glaze adds extra acidity and sweetness to every bite. A very sharp chef’s knife is the best way to cut the spaghetti squash into even rounds. If the squash has a particularly tough skin, pierce it with a fork in 4 or 5 different places and microwave for 3 to 4 minutes to soften it for slicing.","[""1 large spaghetti squash (about 3 pounds)"", ""4 tablespoons extra-virgin olive oil"", ""2 tablespoons minced garlic"", ""1/2 teaspoon dried oregano"", ""1/2 teaspoon grated lemon zest"", ""1/4 teaspoon ground pepper"", ""1/4 teaspoon crushed red pepper"", ""3 cups cherry tomatoes"", ""4 ounces feta cheese, cut into 1/2-inch cubes"", ""1/8 teaspoon salt"", ""2 tablespoons balsamic glaze"", ""2 tablespoons thinly sliced fresh basil""]","[""Preheat oven to 425°F. Trim ends from spaghetti squash; cut the squash crosswise into 4 equal rounds, about 1½ inches thick. Scoop out and discard seeds. Place the squash rounds on a large rimmed baking sheet."", ""Whisk 4 tablespoons oil, 2 tablespoons garlic, 1/2 teaspoon each oregano and lemon zest and 1/4 teaspoon each black pepper and crushed red pepper together in a medium bowl until combined. Drizzle the squash rounds with 2 tablespoons of the mixture."", ""Add 3 cups tomatoes and 4 ounces feta cubes to the bowl with the remaining 2 tablespoons oil mixture; gently toss until well coated. Spread the tomato-feta mixture in an even layer around the squash. Roast until the squash is fork-tender and the tomatoes are wrinkled, 35 to 40 minutes."", ""Using a fork, shred the center of each squash round into long strands, creating a nest with about a 1/4-inch border. Divide the roasted tomato-feta mixture among the squash nests (about 1/4 cup each). Sprinkle the nests with 1/8 teaspoon salt; drizzle with 2 tablespoons balsamic glaze (1½ teaspoons each) and sprinkle with 2 tablespoons basil.""]",d1
dinner,General Tso’s Cauliflower,4,174,"This plant-based version of General Tso’s chicken is the perfect weeknight meal, swapping chicken for cauliflower with a boost of vibrant green color and gut-healthy fiber coming from edamame. Serve it over brown rice or whole-wheat noodles to sop up any leftover sauce.","[""1/2 cup water"", ""2 tablespoons hoisin sauce"", ""1 tablespoon reduced-sodium soy sauce or tamari"", ""1 tablespoon Shaoxing rice wine or dry sherry"", ""1 tablespoon rice vinegar"", ""1 tablespoon cornstarch"", ""3 tablespoons canola oil"", ""4 cups small cauliflower florets"", ""2 scallions, sliced"", ""2 cloves garlic, minced"", ""1 cup frozen shelled edamame, thawed"", ""Pinch of crushed red pepper (optional)""]","[""Combine 1/2 cup water, 2 tablespoons hoisin sauce, and 1 tablespoon each of soy sauce (or tamari), Shaoxing rice wine (or sherry), rice vinegar, and cornstarch in a small bowl."", ""Heat 3 tablespoons oil in a large nonstick skillet over medium-high heat. Add 4 cups cauliflower; cook, stirring occasionally, until beginning to brown, 4 to 6 minutes."", ""Add 2 sliced scallions and 2 minced garlic cloves; cook, stirring, until fragrant, about 15 seconds."", ""Add 1 cup edamame; cook, stirring often, until heated through, 2 to 3 minutes."", ""Whisk the reserved sauce and add it to the pan; cook, stirring, until the sauce is thick and coating the cauliflower, about 1 minute."", ""Serve sprinkled with a pinch of crushed red pepper, if desired.""]",d2
dinner,Creamy Pesto Shrimp with Gnocchi & Peas,4,398,"This speedy dinner recipe combines shrimp with pillowy gnocchi, pesto and peas in a creamy sauce. Feel free to substitute the peas with other veggies such as broccoli or asparagus. For a bit of heat, sprinkle in some crushed red pepper, or garnish with grated Parmesan cheese to enhance the savory flavor.","[""2 tablespoons extra-virgin olive oil, divided"", ""1 (12 ounce) package refrigerated potato gnocchi"", ""8 ounces large peeled and deveined raw shrimp (about 8), patted dry"", ""1 cup frozen peas"", ""1/3 cup half-and-half plus 2 tablespoons, divided"", ""1/2 teaspoon ground pepper"", ""1/4 cup refrigerated basil pesto""]","[""Heat 1 tablespoon oil in a large nonstick skillet over medium heat. Add gnocchi; cook, stirring occasionally, until golden brown in spots and plump, 8 to 10 minutes. Transfer to a bowl. Do not wipe the pan clean."", ""Heat the remaining 1 tablespoon oil in the pan over medium heat. Add shrimp; cook, stirring often, until pink on the outside but translucent in the center, about 2 minutes."", ""Add peas; cook, stirring constantly, until just starting to soften, about 1 minute."", ""Stir in the reserved gnocchi, 1/3 cup half-and-half and pepper; cook until slightly thickened, about 2 minutes."", ""Remove from heat; stir in pesto and the remaining 2 tablespoons half-and-half. Divide the mixture among 4 shallow bowls.""]",d3
dinner,Roasted Sweet Potato & Beet Sandwiches,4,353,"These hearty sandwiches are piled high with veggies—including earthy roasted beets and sweet potatoes, lemony arugula and quick-pickled onions—for a satisfying lunch or dinner. We use a whole-wheat baguette, but whole-wheat buns would work as well, if you prefer. Any color of beet would be delicious—try golden or Chioggia if you want to avoid the stains that red beets can leave.","[""2 cups sliced sweet potatoes"", ""2 cups sliced peeled beets"", ""3 tablespoons extra-virgin olive oil, divided"", ""1/4 teaspoon salt plus a pinch, divided"", ""1 teaspoon ground pepper plus more to taste, divided"", ""1/2 cup thinly sliced red onion"", ""1/2 cup distilled white vinegar"", ""1/2 cup whole-milk plain strained (Greek-style) yogurt"", ""1/4 cup crumbled feta cheese"", ""4 cups baby arugula, baby kale or thinly sliced kale"", ""1 tablespoon lemon juice"", ""1 whole-wheat baguette, cut into quarters, halved and toasted, if desired""]","[""Preheat oven to 400°F."", ""Toss sweet potatoes, beets, 2 tablespoons oil, and 1/4 teaspoon each salt and pepper in a medium bowl. Spread on a large baking sheet. Roast until tender, about 20 minutes."", ""Meanwhile, combine onion and vinegar in a small bowl. Mix yogurt, feta, and ground pepper to taste in another small bowl."", ""Combine arugula (or kale), lemon juice, and the remaining 1 tablespoon oil and pinch of salt in the medium bowl. Massage gently with clean hands."", ""Drain the onion. Arrange the sweet potatoes and beets on baguette bottoms. Top with the greens and onion. Spread the yogurt mixture on the cut side of baguette tops; place spread-side down on the sandwich bottoms.""]",d4
dinner,Melting Cherry Tomato & Mozzarella Pasta,4,418,"This simple yet delicious pasta dish combines cherry tomatoes with mozzarella, highlighting their natural sweetness and mozzarella’s creamy, gooey texture. Mozzarella pearls are the perfect size for mixing into the finished dish. If you can’t find them, chopped fresh mozzarella will work well too.","[""8 ounces whole-wheat rotini or other short tube pasta"", ""3 tablespoons extra-virgin olive oil"", ""4 cloves garlic, minced"", ""1/4 -1/2 teaspoon crushed red pepper"", ""1 pound cherry tomatoes (about 3 cups)"", ""3/4 teaspoon salt"", ""1/2 teaspoon Italian seasoning"", ""1/4 teaspoon ground pepper"", ""1/3 cup chopped fresh basil, plus more for garnish"", ""1 tablespoon balsamic glaze, plus more for drizzling"", ""1 cup halved mozzarella pearls""]","[""Bring a large saucepan of water to a boil. Add pasta and cook according to package directions. Reserve 1/2 cup cooking water, then drain the pasta."", ""Heat oil in a large skillet over medium-high heat. Add garlic and crushed red pepper; cook, stirring, until fragrant, about 1 minute."", ""Add tomatoes, salt, Italian seasoning, pepper, and the reserved pasta water. Bring to a lively simmer and cook, stirring occasionally and adjusting heat as needed, until the tomatoes burst and the sauce has thickened, 10 to 12 minutes. Remove from heat."", ""Add the pasta, basil, and balsamic glaze; stir to combine. Stir in mozzarella. Garnish with basil and drizzle with balsamic glaze, if desired.""]",d5
dinner,Sheet-Pan Poblano-&-Corn Chicken Fajitas,4,500,"These sheet-pan poblano-and-corn chicken fajitas are seasoned with mild ancho chile powder, paprika and cumin. The chicken and vegetables cook on a sheet pan under the broiler so you can forget working over a hot stove or grill to get dinner on the table fast. Plus, with only one pan, cleanup is a breeze!","[""3 tablespoons canola oil"", ""1 tablespoon ancho chile powder"", ""2 teaspoons ground cumin"", ""2 teaspoons paprika"", ""1 teaspoon garlic powder"", ""1 teaspoon salt"", ""1 pound boneless, skinless chicken breasts"", ""3 large poblano peppers, seeded and sliced into 1/2-inch-thick strips"", ""1 medium yellow onion, cut into 1/2-inch-thick slices"", ""1 ear corn, shucked"", ""8 (6-inch) fajita-size corn or flour tortillas, warmed"", ""1 medium ripe avocado, pitted and sliced"", ""1/4 cup sour cream"", ""1/4 cup chopped fresh cilantro"", ""Lime wedges for serving""]","[""Preheat oven to broil, with oven rack 7 to 8 inches from heat. Line a large rimmed baking sheet with foil."", ""Stir oil, chile powder, cumin, paprika, garlic powder and salt together in a large bowl; set aside."", ""Cut chicken breasts in half horizontally (to make chicken cutlets), then cut crosswise into strips. Place the chicken in the bowl with the spice mixture and toss to coat. Arrange the chicken in an even layer on one side of the prepared baking sheet."", ""Add poblanos and onion to the bowl and toss with any remaining spice mixture; arrange in an even layer on the baking sheet. Place corn on the baking sheet."", ""Broil until the chicken is lightly charred and cooked through, 7 to 8 minutes. Transfer the chicken to a plate and tent with foil to keep warm."", ""Spread the poblanos and onion out on the baking sheet; turn the corn. Broil until the vegetables are charred and tender, about 5 more minutes."", ""Cut the kernels from the corn cob. Toss the corn kernels with the poblanos and onion."", ""Top tortillas with chicken, vegetables, avocado, sour cream, and cilantro. Serve with lime wedges, if desired.""]",d6
dinner,Chicken Milanese with Arugula-Cherry Tomato Salad,4,273,"Chicken Milanese, referring to the city of Milan, Italy, where the dish is believed to have originated, features breaded and pan-fried chicken cutlets usually served with a side salad and a generous squeeze of lemon. Here we stick (mostly) to tradition, but we skip the pan-frying in favor of cooking the chicken in the oven. Preheating the pan helps get a nice crispy crust on one side, so it’s important not to skip that step.","[""1/2 cup panko breadcrumbs, preferably whole-wheat"", ""1/4 cup finely grated Parmesan cheese"", ""1 teaspoon Italian seasoning"", ""1 teaspoon onion powder"", ""1 large egg"", ""1 lemon, zested and then cut into wedges"", ""4 (4-ounce) chicken cutlets"", ""1/4 teaspoon salt plus 1/8 teaspoon, divided"", ""1/4 teaspoon ground pepper plus 1/8 teaspoon, divided"", ""Cooking spray"", ""1 tablespoon extra-virgin olive oil"", ""1 tablespoon white-wine vinegar"", ""5 cups packed arugula"", ""1 cup cherry tomatoes, halved""]","[""Place a large rimmed baking sheet in the oven. Preheat to 450°F."", ""Stir panko, Parmesan, Italian seasoning, and onion powder together in a shallow dish. Whisk egg and lemon zest together in another shallow dish. Sprinkle chicken cutlets with 1/4 teaspoon each salt and pepper."", ""Dip 1 cutlet in the egg mixture, coating both sides. Transfer to the panko mixture, coating generously and pressing to adhere. Repeat with the remaining cutlets."", ""Remove the hot baking sheet from the oven; coat with cooking spray. Coat the dredged cutlets with cooking spray; place on the pan, sprayed-side down. Coat the tops with more cooking spray."", ""Bake, turning once, until browned and an instant-read thermometer inserted in the thickest parts registers 165°F, about 15 minutes."", ""Meanwhile, whisk oil, vinegar, and the remaining 1/8 teaspoon each salt and pepper in a large bowl. Add arugula and tomatoes; toss to coat."", ""Serve the chicken with the salad and lemon wedges.""]",d7
dinner,Shrimp Lettuce Wraps,4,316,"Enjoy these shrimp lettuce wraps filled with crisp veggies and juicy shrimp sautéed with garlic and soy sauce. This light and flavorful dish is perfect for a weeknight meal or weekend gathering. Sambal oelek, a spicy chile paste known for its vibrant red color and intense heat, adds an extra kick. Reduce or omit it to adjust the heat to your liking.","[""2 tablespoons extra-virgin olive oil"", ""8 ounces peeled, deveined raw medium shrimp (41-50 count)"", ""1 tablespoon reduced-sodium soy sauce, divided"", ""2 1/2 teaspoons grated garlic, divided"", ""1/3 cup light coconut milk, well shaken and stirred"", ""1/4 cup smooth natural peanut butter"", ""2 tablespoons hoisin sauce"", ""1 tablespoon lime juice"", ""1 1/2 teaspoons sugar"", ""1 teaspoon sambal oelek"", ""1/2 teaspoon grated fresh ginger"", ""16 leaves butter lettuce"", ""2 medium red bell peppers, cut into thin strips (about 2 cups)"", ""2 medium carrots, peeled and cut into thin strips (about 1 cup)"", ""1 medium red onion, thinly sliced (about 1 cup)"", ""2 tablespoons chopped unsalted dry-roasted peanuts"", ""1/4 cup fresh cilantro leaves""]","[""Heat oil in a large skillet over medium heat. Add shrimp in a single layer; cook, undisturbed, until slightly pink on 1 side, about 2 minutes. Add 1 1/2 teaspoons each soy sauce and garlic; toss until well coated. Cook, stirring often, until cooked through, about 2 minutes. Transfer to a plate with the pan drippings."", ""Whisk coconut milk, peanut butter, hoisin, lime juice, sugar, sambal oelek, ginger, and the remaining 1 teaspoon garlic and 1 1/2 teaspoons soy sauce together in a medium bowl until smooth."", ""Make 8 stacks of 2 lettuce leaves each. Divide the shrimp, bell peppers, carrots, onion, and peanuts evenly among the lettuce cups."", ""Top with cilantro. Serve with the peanut sauce.""]",d8
dinner,Sheet-Pan Salmon with Crispy Quinoa,4,600,"Enjoy a complete protein-rich dinner cooked on just two baking sheets for easy cleanup with this salmon, roasted tomato and quinoa recipe. Baked quinoa adds texture and crunch to the dish. After the quinoa finishes cooking, fluff it with a fork to release steam and encourage it to crisp up as it sits. Packages of precooked quinoa streamline the prep, but if you have leftover quinoa, it works just as well.","[""4 (4.4-ounce) packages precooked microwaveable white and red quinoa (about 2 3/4 cups)"", ""5 tablespoons extra-virgin olive oil, divided"", ""3 cups cherry tomatoes"", ""3 tablespoons drained nonpareil capers"", ""2 tablespoons balsamic vinegar"", ""1/4 teaspoon ground pepper"", ""4 (5-ounce) skin-on salmon fillets"", ""3/4 teaspoon salt, divided"", ""1/4 cup torn fresh basil leaves"", ""1/2 teaspoon refrigerated garlic paste"", ""1/2 teaspoon red-wine vinegar""]","[""Position oven racks in the top third and lower third; preheat to 425°F. Line 2 large rimmed baking sheets with parchment paper."", ""Place quinoa on one prepared baking sheet; drizzle with 2 tablespoons oil and toss to coat. Spread the quinoa into an even layer, covering the entire baking sheet."", ""On the other prepared baking sheet, toss tomatoes with capers, balsamic vinegar, pepper, and 2 tablespoons oil; spread the tomatoes around the outer edges of the pan. Place salmon fillets, evenly spaced, in the center of the pan. Drizzle the salmon with the remaining 1 tablespoon oil, and sprinkle with 1/4 teaspoon salt."", ""Place the quinoa mixture on the top rack and the salmon mixture on the lower rack. Bake until the tomatoes begin to burst and the salmon is cooked through, about 15 minutes."", ""Stir the quinoa with a fork; let stand for 5 minutes. Stir the remaining 1/2 teaspoon salt into the quinoa. Divide the quinoa and salmon among 4 plates."", ""Stir basil, garlic paste, and red-wine vinegar into the tomato mixture. Spoon the tomato mixture over the salmon.""]",d9
dinner,Agrodolce Zucchini & Chicken Pasta,4,470,"Replacing some of the pasta with spiralized zucchini allows for a totally twirlable dish with all the pleasure of noodles. The light lemony sauce and savory shredded chicken are comfort food at its finest, and a sweet-and-sour topping provides crunch, chew, herbal brightness and a palate awakener.","[""1 pound spiralized zucchini noodles (about 5 cups)"", ""6 ounces whole-wheat linguine, spaghetti or other long strand pasta"", ""1/4 cup golden raisins, coarsely chopped"", ""1 tablespoon cider vinegar"", ""1 tablespoon unsalted chicken broth plus 1/2 cup, divided"", ""1/4 cup toasted pine nuts"", ""2 tablespoons coarsely chopped flat-leaf parsley"", ""1 tablespoon chopped fresh chives"", ""1 tablespoon extra-virgin olive oil"", ""1 small shallot, minced, or 1/4 cup minced red onion"", ""12 ounces shredded skinless rotisserie chicken"", ""Pinch of crushed red pepper"", ""1/4 cup dry white wine or dry vermouth"", ""1 tablespoon grated lemon zest"", ""1/4 cup lemon juice"", ""1 tablespoon unsalted butter"", ""1/4 teaspoon salt"", ""Ground pepper to taste"", ""1/4 cup grated Parmesan cheese""]","[""Bring a large pot of water to a boil over high heat. Place zucchini in a large colander in the sink. Add pasta to the boiling water; cook according to package directions. Reserve 1/2 cup pasta-cooking water, then drain the pasta over the zucchini. Gently toss to combine and let stand until the zucchini softens, about 2 minutes."", ""Meanwhile, combine raisins, vinegar, and 1 tablespoon broth in a small bowl. Microwave for 1 minute. Stir in pine nuts, parsley, and chives."", ""Heat oil in a large pot over medium-high heat. Add shallot (or onion); cook, stirring, until translucent, about 1 minute. Add chicken and crushed red pepper; cook, stirring occasionally, until lightly browned with some crisping on the edges, about 3 minutes. Add wine (or vermouth); cook, scraping up the browned bits from the bottom of the pan, until mostly evaporated, about 30 seconds."", ""Add lemon zest, lemon juice, and the remaining 1/2 cup broth; bring to a simmer. Remove from heat, add butter and stir gently until it melts. Add 1/4 teaspoon salt and pepper to taste."", ""Transfer the pasta and zucchini to the pot with the sauce and toss gently to combine. If the pasta mixture seems dry, add some of the reserved pasta water. Season with more pepper, if desired. Serve topped with the raisin mixture and Parmesan.""]",d10